feature,importance
rainfall,0.23013820247767589
humidity,0.21407747513448563
K,0.17594238373267837
P,0.15220475105215042
N,0.10169608553990318
temperature,0.07431815762009363
ph,0.05162294444301278
